Id,Time (Seconds),Pressure (Decibar),Temperature (Celsius),Conductivity (MicroSiemens per Centimeter)
CC1604004_20161012_105024,0.2,0,9.951082229614258,26.941524505615234
CC1604004_20161012_105024,0.4,4.264286586224131e-4,9.95290470123291,32.277015686035156
CC1604004_20161012_105024,0.6,-1.313345772882002e-4,9.951992988586426,32.23011779785156
CC1604004_20161012_105024,0.8,0.0029224668230334316,9.948128700256348,32.1865348815918
CC1604004_20161012_105024,1,0.0023647035871228184,9.954856872558594,32.14060974121094
CC1604004_20161012_105024,1.2,8.198874337335127e-4,9.97377872467041,32.11238479614258
CC1604004_20161012_105024,1.4,0.002233369009834618,10.013772010803223,32.10218048095703
CC1604004_20161012_105024,1.6,0.0036449432373046875,10.062215805053711,31.823274612426758
CC1604004_20161012_105024,1.8,0.0014420918055950693,10.110858917236328,31.29967498779297
CC1604004_20161012_105024,2,5.572182791571123e-4,10.135562896728516,30.569103240966797
CC1604004_20161012_105024,2.2,-2.4523053845371123e-6,10.149256706237793,30.13597297668457
CC1604004_20161012_105024,2.4,0.0014100755964001621,10.14495849609375,29.89055633544922
CC1604004_20161012_105024,2.6,-0.009000097002301644,10.117002487182617,128.82711791992187
CC1604004_20161012_105024,2.8,-0.0020066670009075693,10.09443187713623,110.97113037109375
CC1604004_20161012_105024,3,3.910064697265625e-4,10.084054946899414,101.81703186035156
CC1604004_20161012_105024,3.2,-0.001480919974190087,10.089306831359863,76.862457275390625
CC1604004_20161012_105024,3.4,2.6062556675476856e-4,10.09349536895752,56.52430725097656
CC1604004_20161012_105024,3.6,-2.9904501778688086e-4,10.095473289489746,60.5479850769043
CC1604004_20161012_105024,3.8,-2.0068032400999414e-4,10.099908828735352,62.57661056518555
CC1604004_20161012_105024,4,0.0012118475777764814,10.101356506347656,62.41444396972656
CC1604004_20161012_105024,4.2,-0.0013171604701458506,10.102020263671875,61.41910171508789
CC1604004_20161012_105024,4.4,-0.00056362152099609375,10.096250534057617,60.29924774169922
CC1604004_20161012_105024,4.6,5.217960902630381e-4,10.086645126342773,59.095306396484375
CC1604004_20161012_105024,4.8,-3.5967145647575194e-5,10.076923370361328,58.133453369140625
CC1604004_20161012_105024,5,-5.956377301892246e-4,10.063799858093262,56.812164306640625
CC1604004_20161012_105024,5.2,1.607622419079746e-4,10.049296379089355,55.42366409301758
CC1604004_20161012_105024,5.4,0.001900400434221794,10.04214859008789,54.52273178100586
CC1604004_20161012_105024,5.6,0.0023258754185260244,10.039361000061035,52.97214126586914
CC1604004_20161012_105024,5.8,0.0011119842529296875,10.046147346496582,50.43513488769531
CC1604004_20161012_105024,6,0.0015393665858685068,10.047410011291504,49.4586181640625
CC1604004_20161012_105024,6.2,0.0029509408133368,10.048245429992676,48.82839584350586
CC1604004_20161012_105024,6.4,0.0014070783342639004,10.050522804260254,48.30699920654297
CC1604004_20161012_105024,6.6,0.0015054430280407871,10.049367904663086,47.736846923828125
CC1604004_20161012_105024,6.8,0.0019318716866632002,10.049018859863281,47.11210632324219
CC1604004_20161012_105024,7,0.002358300345283837,10.049968719482422,46.68415069580078
CC1604004_20161012_105024,7.2,0.018219947814941406,10.05080795288086,7809.830078125
CC1604004_20161012_105024,7.4,0.14277948651995054,10.184167861938477,35610.17578125
CC1604004_20161012_105024,7.6,0.1609394890921454,10.833942413330078,35093.55859375
CC1604004_20161012_105024,7.8,0.1298403058733264,11.46623420715332,36288.734375
CC1604004_20161012_105024,8,0.15588338034493532,11.897659301757813,35351.59765625
CC1604004_20161012_105024,8.2,0.18980571201869445,12.160734176635742,34973.9140625
CC1604004_20161012_105024,8.4,0.15739331926618227,12.33304500579834,37497.1875
CC1604004_20161012_105024,8.6,0.08064842224121094,12.45300006866455,38153.93359375
CC1604004_20161012_105024,8.8,0.053818838936942726,12.51064682006836,38840.23046875
CC1604004_20161012_105024,9,0.08872440883091492,12.520029067993164,21246.412109375
CC1604004_20161012_105024,9.2,0.17026369912283812,12.519908905029297,19931.994140625
CC1604004_20161012_105024,9.4,0.2350564684186658,12.519437789916992,30073.986328125
CC1604004_20161012_105024,9.6,0.1763703482491632,12.527833938598633,28916.203125
CC1604004_20161012_105024,9.8,0.0763119288853229,12.568737983703613,38310.921875
CC1604004_20161012_105024,10,0.012373924255371094,12.60406494140625,29808.61328125
CC1604004_20161012_105024,10.2,0.0036050251552044443,12.593512535095215,5151.65234375
CC1604004_20161012_105024,10.4,0.035886083330426644,12.562410354614258,13957.5703125
CC1604004_20161012_105024,10.6,0.10494749886649046,12.557830810546875,38085.671875
CC1604004_20161012_105024,10.8,0.1628404344831189,12.575557708740234,38069.6484375
CC1604004_20161012_105024,11,0.243724550519671,12.587833404541016,38113.82421875
CC1604004_20161012_105024,11.2,0.3183649608067096,12.593794822692871,38121.69921875
CC1604004_20161012_105024,11.4,0.3260173797607422,12.609421730041504,38170.9296875
CC1604004_20161012_105024,11.6,0.31659426007952085,12.642719268798828,38179.69921875
CC1604004_20161012_105024,11.8,0.3022406441824774,12.666952133178711,38196.796875
CC1604004_20161012_105024,12,0.22451346261160765,12.684235572814941,38178.8203125
CC1604004_20161012_105024,12.2,0.14875085013253297,12.692923545837402,38169.60546875
CC1604004_20161012_105024,12.4,0.14326831272670226,12.695488929748535,38174.5078125
CC1604004_20161012_105024,12.6,0.18539987291608462,12.695311546325684,38160.9921875
CC1604004_20161012_105024,12.8,0.26726722717285156,12.689435005187988,38155.5625
CC1604004_20161012_105024,13,0.36390985761370054,12.684000015258789,38161.93359375
CC1604004_20161012_105024,13.2,0.32624462672642274,12.681234359741211,38163.64453125
CC1604004_20161012_105024,13.4,0.2455610547746936,12.686689376831055,38175.41015625
CC1604004_20161012_105024,13.6,0.21183545248849,12.691633224487305,38175.09375
CC1604004_20161012_105024,13.8,0.1554524557931085,12.692792892456055,38175.421875
CC1604004_20161012_105024,14,0.07246480669294009,12.701615333557129,38190.53125
CC1604004_20161012_105024,14.2,0.04530620574951172,12.705575942993164,38164.46484375
CC1604004_20161012_105024,14.4,0.07200540815080991,12.70124340057373,38154.1875
CC1604004_20161012_105024,14.6,0.1276018960135321,12.693214416503906,38147.07421875
CC1604004_20161012_105024,14.8,0.2203077588762561,12.679131507873535,38139.0859375
CC1604004_20161012_105024,15,0.28050000326974,12.66963005065918,38137.6015625
CC1604004_20161012_105024,15.2,0.25728293827601867,12.66748332977295,38163.6875
CC1604004_20161012_105024,15.4,0.2508143016270221,12.678522109985352,38183.29296875
CC1604004_20161012_105024,15.6,0.2354755401611328,12.690394401550293,38177.484375
CC1604004_20161012_105024,15.8,0.16431535993303648,12.696996688842773,38162.34375
CC1604004_20161012_105024,16,0.12402084895542664,12.698223114013672,38169.5625
CC1604004_20161012_105024,16.2,0.1359419141496936,12.700885772705078,38167.2890625
CC1604004_20161012_105024,16.4,0.18924004690987672,12.706245422363281,38172.5703125
CC1604004_20161012_105024,16.6,0.24844905308314758,12.710891723632813,38176.9453125
CC1604004_20161012_105024,16.8,0.26036821092877993,12.709622383117676,38173.5703125
CC1604004_20161012_105024,17,0.19577407836914063,12.709329605102539,38172.30078125
CC1604004_20161012_105024,17.2,0.14168752942766538,12.707420349121094,38175.03125
CC1604004_20161012_105024,17.4,0.11157444545200867,12.708951950073242,38179.9296875
CC1604004_20161012_105024,17.6,0.06996767861502562,12.711952209472656,38178.45703125
CC1604004_20161012_105024,17.8,0.060872622898646256,12.712448120117188,38177.1015625
CC1604004_20161012_105024,18,0.09348079136439758,12.714320182800293,38169.6171875
CC1604004_20161012_105024,18.2,0.1625402995518268,12.71294116973877,38164.4453125
CC1604004_20161012_105024,18.4,0.2434225082397461,12.708906173706055,38166.30078125
CC1604004_20161012_105024,18.6,0.25534357343401304,12.706450462341309,38184.75
CC1604004_20161012_105024,18.8,0.20716789790562196,12.708219528198242,38181.6875
CC1604004_20161012_105024,19,0.1832937513078967,12.713380813598633,38190.265625
CC1604004_20161012_105024,19.2,0.1278949465070447,12.717039108276367,38177.4765625
CC1604004_20161012_105024,19.4,0.0741364615304132,12.714401245117188,38168.171875
CC1604004_20161012_105024,19.6,0.06438527788434634,12.710494041442871,38161.96484375
CC1604004_20161012_105024,19.8,0.11571025848388672,12.704055786132813,38157.03125
CC1604004_20161012_105024,20,0.1801749638148724,12.692298889160156,38157.328125
CC1604004_20161012_105024,20.2,0.16812161036900086,12.688879013061523,38155.53125
CC1604004_20161012_105024,20.4,0.12224428994315062,12.690086364746094,38175.2890625
CC1604004_20161012_105024,20.6,0.083264895847865,12.69656753540039,38170.68359375
CC1604004_20161012_105024,20.8,0.04855319431849914,12.699724197387695,38151.51953125
CC1604004_20161012_105024,21,0.009901864188057274,12.692204475402832,36601.12890625
CC1604004_20161012_105024,21.2,0.028718948364257813,12.687641143798828,32120.73046875
CC1604004_20161012_105024,21.4,0.08595766339983335,12.69311237335205,34621.640625
CC1604004_20161012_105024,21.6,0.1287463051932196,12.692508697509766,37638.75390625
CC1604004_20161012_105024,21.8,0.14690726143973265,12.687461853027344,32392.5859375
CC1604004_20161012_105024,22,0.19199521200997438,12.681110382080078,38171.171875
CC1604004_20161012_105024,22.2,0.21737834385463195,12.676538467407227,38167.76171875
CC1604004_20161012_105024,22.4,0.1990860530308307,12.676373481750488,38162.70703125
CC1604004_20161012_105024,22.6,0.1702880859375,12.68679141998291,38171.8125
CC1604004_20161012_105024,22.8,0.15921892438616148,12.700860023498535,38189.14453125
CC1604004_20161012_105024,23,0.138630185808454,12.708304405212402,38173.421875
CC1604004_20161012_105024,23.2,0.08815520150320921,12.705211639404297,38173.41796875
CC1604004_20161012_105024,23.4,0.08102948325020876,12.702634811401367,38168.86328125
CC1604004_20161012_105024,23.6,0.11396857670375304,12.699631690979004,38158.9453125
CC1604004_20161012_105024,23.8,0.16036782945905337,12.690672874450684,38149.4765625
CC1604004_20161012_105024,24,0.22417449951171875,12.674617767333984,38141.9921875
CC1604004_20161012_105024,24.2,0.23707975660051694,12.661742210388184,38143.73046875
CC1604004_20161012_105024,24.4,0.16033676692417664,12.670392036437988,38160.73046875
CC1604004_20161012_105024,24.6,0.1144594464983264,12.67802906036377,38132.328125
CC1604004_20161012_105024,24.8,0.1001096452985486,12.676657676696777,38165.8125
CC1604004_20161012_105024,25,0.07623359135219054,12.68548583984375,38173.5078125
CC1604004_20161012_105024,25.2,0.0641811915806354,12.694867134094238,38170.8984375
CC1604004_20161012_105024,25.4,0.08201408386230469,12.695539474487305,38159.09375
CC1604004_20161012_105024,25.6,0.1428634098597943,12.695316314697266,38156.34765625
CC1604004_20161012_105024,25.8,0.22834423610142274,12.695510864257812,38152.76171875
CC1604004_20161012_105024,26,0.3154653821672717,12.691832542419434,38167.1875
CC1604004_20161012_105024,26.2,0.36383683340890016,12.68498420715332,38163.8359375
CC1604004_20161012_105024,26.4,0.3215739386422296,12.689940452575684,38180.08203125
CC1604004_20161012_105024,26.6,0.28489385332379946,12.69808578491211,38184.12109375
CC1604004_20161012_105024,26.8,0.24853801727294922,12.711515426635742,38196.76953125
CC1604004_20161012_105024,27,0.19477953229631773,12.716789245605469,38182.84375
CC1604004_20161012_105024,27.2,0.1551440102713446,12.718076705932617,38172.41015625
CC1604004_20161012_105024,27.4,0.1427645002092639,12.71556282043457,38175.52734375
CC1604004_20161012_105024,27.6,0.17471558707100954,12.712180137634277,38171.859375
CC1604004_20161012_105024,27.8,0.23425265720912414,12.70839786529541,38168.75
CC1604004_20161012_105024,28,0.2235134669712604,12.703368186950684,38171.80859375
CC1604004_20161012_105024,28.2,0.1411876678466797,12.70915412902832,38187.953125
CC1604004_20161012_105024,28.4,0.08940042768205991,12.715023040771484,38181.71484375
CC1604004_20161012_105024,28.6,0.06322792598179383,12.717310905456543,38173.1328125
CC1604004_20161012_105024,28.8,0.03541319710867796,12.712564468383789,38163.125
CC1604004_20161012_105024,29,0.030255862644740006,12.708662033081055,38168.984375
CC1604004_20161012_105024,29.2,0.06779261997767883,12.700143814086914,38144.1953125
CC1604004_20161012_105024,29.4,0.13422666277204165,12.689285278320312,38135.07421875
CC1604004_20161012_105024,29.6,0.20788097381591797,12.6799898147583,38127.8984375
CC1604004_20161012_105024,29.8,0.24344553266252866,12.681083679199219,38151.3203125
CC1604004_20161012_105024,30,0.21595982142857117,12.688843727111816,38180.25
CC1604004_20161012_105024,30.2,0.18420451028006468,12.69999885559082,38179.41796875
CC1604004_20161012_105024,30.4,0.18167550223214235,12.704577445983887,38176.5234375
CC1604004_20161012_105024,30.6,0.15977260044642883,12.70461368560791,38165.6953125
CC1604004_20161012_105024,30.8,0.11750875200544009,12.701244354248047,38165.55078125
CC1604004_20161012_105024,31,0.07425975799560547,12.695907592773438,38151.85546875
CC1604004_20161012_105024,31.2,0.07271494184221616,12.687854766845703,38144.33203125
CC1604004_20161012_105024,31.4,0.09810093470982117,12.673322677612305,38124.5703125
CC1604004_20161012_105024,31.6,0.12873881203787718,12.656272888183594,38121.765625
CC1604004_20161012_105024,31.8,0.1088062013898572,12.642044067382813,38121.80078125
CC1604004_20161012_105024,32,0.014983858380999138,12.642242431640625,38149.140625
CC1604004_20161012_105024,32.2,-0.015130179268973976,12.654342651367188,28208.83984375
CC1604004_20161012_105024,32.4,-0.007149696350097656,12.671794891357422,20785.80078125
CC1604004_20161012_105024,32.6,0.01166548047747007,12.68049144744873,31315.728515625
CC1604004_20161012_105024,32.8,0.04558876582554383,12.682438850402832,36564.140625
CC1604004_20161012_105024,33,0.0670351300920764,12.684205055236816,36850.7265625
CC1604004_20161012_105024,33.2,0.09734303610665407,12.686955451965332,36481.28125
CC1604004_20161012_105024,33.4,0.14374419621058898,12.688239097595215,36996.13671875
CC1604004_20161012_105024,33.6,0.19605909075055727,12.687280654907227,38147.8984375
CC1604004_20161012_105024,33.8,0.20764827728271484,12.685229301452637,38147.078125
CC1604004_20161012_105024,34,0.1949416569301068,12.683584213256836,38169.64453125
CC1604004_20161012_105024,34.2,0.20357826777866883,12.691606521606445,38185.34765625
CC1604004_20161012_105024,34.4,0.18889658791678343,12.701519966125488,38190.3203125
CC1604004_20161012_105024,34.6,0.13809640066964235,12.705875396728516,38182.6640625
CC1604004_20161012_105024,34.8,0.09878798893519836,12.706023216247559,38175.71875
CC1604004_20161012_105024,35,0.09034620012555727,12.701022148132324,38167.0703125
CC1604004_20161012_105024,35.2,0.11376190185546875,12.689470291137695,38150.6796875
CC1604004_20161012_105024,35.4,0.1529380253383099,12.678133010864258,38141.078125
CC1604004_20161012_105024,35.6,0.19539860316685242,12.6663236618042,38145.3125
CC1604004_20161012_105024,35.8,0.15510504586356078,12.660123825073242,38149.49609375
CC1604004_20161012_105024,36,0.06489617483956422,12.67070484161377,38175.4296875
CC1604004_20161012_105024,36.2,0.045946802411760856,12.679316520690918,38171.68359375
CC1604004_20161012_105024,36.4,0.041777474539619774,12.683847427368164,38168.41015625
CC1604004_20161012_105024,36.6,0.030381202697753906,12.684903144836426,38160.7109375
CC1604004_20161012_105024,36.8,0.04821314130510679,12.682735443115234,38036.80078125
CC1604004_20161012_105024,37,0.08771923610142274,12.679664611816406,38154.66015625
CC1604004_20161012_105024,37.2,0.15316622597830687,12.678079605102539,38149.6484375
CC1604004_20161012_105024,37.4,0.21664387839181032,12.675565719604492,38141.328125
CC1604004_20161012_105024,37.6,0.2617308752877374,12.674981117248535,38158.01953125
CC1604004_20161012_105024,37.8,0.2151993342808307,12.684898376464844,38204.875
CC1604004_20161012_105024,38,0.1594705581665039,12.700498580932617,38182.453125
CC1604004_20161012_105024,38.2,0.14052309308733335,12.710219383239746,38181.2578125
CC1604004_20161012_105024,38.4,0.10909679957798524,12.703582763671875,38164.62109375
CC1604004_20161012_105024,38.6,0.04515593392508421,12.696800231933594,38146.640625
CC1604004_20161012_105024,38.8,0.035405703953333756,12.687833786010742,38141.1171875
CC1604004_20161012_105024,39,0.05947562626429992,12.678779602050781,38136.2734375
CC1604004_20161012_105024,39.2,0.10686193193708071,12.671101570129395,38138.50390625
CC1604004_20161012_105024,39.4,0.12567996978759766,12.668991088867188,38139.99609375
CC1604004_20161012_105024,39.6,0.08440031324114194,12.668079376220703,38150.484375
CC1604004_20161012_105024,39.8,0.017178807939801644,12.671448707580566,38165.5078125
CC1604004_20161012_105024,40,0.012679508754185775,12.677678108215332,38163.8125
CC1604004_20161012_105024,40.2,0.02525479452950563,12.680164337158203,38160.87109375
CC1604004_20161012_105024,40.4,0.023384775434221794,12.683182716369629,38161.76953125
CC1604004_20161012_105024,40.6,0.029392106192451806,12.68438720703125,38156.48046875
CC1604004_20161012_105024,40.8,0.051494598388671875,12.684736251831055,38161.84375
CC1604004_20161012_105024,41,0.0847598484584271,12.685169219970703,38163.67578125
CC1604004_20161012_105024,41.2,0.13904121943882508,12.68697738647461,38164.484375
CC1604004_20161012_105024,41.4,0.1778921399797717,12.686429023742676,38167.875
CC1604004_20161012_105024,41.6,0.1559863771711072,12.690033912658691,38187.3359375
CC1604004_20161012_105024,41.8,0.10190173557826476,12.700980186462402,38196.43359375
CC1604004_20161012_105024,42,0.09050546373639712,12.709531784057617,38191.2890625
CC1604004_20161012_105024,42.2,0.0787820816040039,12.712223052978516,38189.5
CC1604004_20161012_105024,42.4,0.0299502781459271,12.709366798400879,38137.0234375
CC1604004_20161012_105024,42.6,0.0149443490164618,12.701580047607422,38159.6328125
CC1604004_20161012_105024,42.8,0.051821163722447494,12.694219589233398,38150.03125
CC1604004_20161012_105024,43,0.1162839617047986,12.690948486328125,38151.703125
CC1604004_20161012_105024,43.2,0.1662985937935968,12.686868667602539,38141.3828125
CC1604004_20161012_105024,43.4,0.20284734453473696,12.681194305419922,38147.546875
CC1604004_20161012_105024,43.6,0.1523723602294922,12.679937362670898,38169.4921875
CC1604004_20161012_105024,43.8,0.045418875558036476,12.68509578704834,38167.984375
CC1604004_20161012_105024,44,-0.012282099042620231,12.689994812011719,30843.875
CC1604004_20161012_105024,44.2,-0.035500117710657975,12.68814754486084,9391.5478515625
CC1604004_20161012_105024,44.4,-0.013727596827916244,12.683585166931152,13377.111328125
CC1604004_20161012_105024,44.6,0.029391016278948356,12.681477546691895,21306.970703125
CC1604004_20161012_105024,44.8,0.05772958483014712,12.679117202758789,32235.89453125
CC1604004_20161012_105024,45,0.09690666198730469,12.675728797912598,37969.9140625
CC1604004_20161012_105024,45.2,0.14298166547502866,12.66959285736084,38137.19921875
CC1604004_20161012_105024,45.4,0.14767674037388367,12.667440414428711,38138.96875
CC1604004_20161012_105024,45.6,0.13004248482840453,12.665708541870117,38159.359375
CC1604004_20161012_105024,45.8,0.11503464835030641,12.672183990478516,38164.5390625
CC1604004_20161012_105024,46,0.12005874088832336,12.685657501220703,38180.00390625
CC1604004_20161012_105024,46.2,0.08764348711286196,12.695825576782227,38177.57421875
CC1604004_20161012_105024,46.4,0.049981117248535156,12.698749542236328,38182.53515625
CC1604004_20161012_105024,46.6,0.05500330243791929,12.698734283447266,38174.2734375
CC1604004_20161012_105024,46.8,0.08301571437290711,12.695245742797852,38171.421875
CC1604004_20161012_105024,47,0.12219374520438109,12.69251537322998,38172.83203125
CC1604004_20161012_105024,47.2,0.14921815054757204,12.689924240112305,38163.8203125
CC1604004_20161012_105024,47.4,0.141765322004046,12.688491821289063,38181.3515625
CC1604004_20161012_105024,47.6,0.0669897624424518,12.692843437194824,38194.55859375
CC1604004_20161012_105024,47.8,0.018157958984375,12.698664665222168,38178.609375
CC1604004_20161012_105024,48,0.02941908155168882,12.699501991271973,38181.91015625
CC1604004_20161012_105024,48.2,0.033459935869489144,12.702364921569824,38194.8984375
CC1604004_20161012_105024,48.4,0.03092997414725218,12.702825546264648,38185.28515625
CC1604004_20161012_105024,48.6,0.05861622946602907,12.702059745788574,38157.453125
CC1604004_20161012_105024,48.8,0.10403033665248351,12.696968078613281,38178.90625
CC1604004_20161012_105024,49,0.1589706965855182,12.695746421813965,38164.81640625
CC1604004_20161012_105024,49.2,0.1863250732421875,12.691936492919922,38164.09765625
CC1604004_20161012_105024,49.4,0.11319269452776304,12.696737289428711,38204.79296875
CC1604004_20161012_105024,49.6,0.026268277849469612,12.705732345581055,33023.94140625
CC1604004_20161012_105024,49.8,0.014542988368443588,12.70875072479248,5766.72802734375
CC1604004_20161012_105024,50,0.010045596531458756,12.691546440124512,3180.940185546875
CC1604004_20161012_105024,50.2,-0.007591520036969612,12.67086410522461,2484.336669921875
CC1604004_20161012_105024,50.4,0.0191067286900104,12.650402069091797,9158.0703125
CC1604004_20161012_105024,50.6,0.08291435241699219,12.63342571258545,38176.8359375
CC1604004_20161012_105024,50.8,0.15427316938127866,12.635370254516602,38188.3984375
CC1604004_20161012_105024,51,0.22431782313755555,12.649892807006836,38181.98828125
CC1604004_20161012_105024,51.2,0.2533144269670764,12.663028717041016,38177.0078125
CC1604004_20161012_105024,51.4,0.2609668459211072,12.676557540893555,38187.9140625
CC1604004_20161012_105024,51.6,0.2725579398018976,12.685087203979492,38195.9140625
CC1604004_20161012_105024,51.8,0.2798803874424518,12.690120697021484,38178.421875
CC1604004_20161012_105024,52,0.2885169982910156,12.693889617919922,38181.7890625
CC1604004_20161012_105024,52.2,0.29584135328020444,12.696869850158691,38185.5078125
CC1604004_20161012_105024,52.4,0.3071062905447821,12.696688652038574,38184.6953125
CC1604004_20161012_105024,52.6,0.3400415693010608,12.694845199584961,38171.6640625
CC1604004_20161012_105024,52.8,0.4015470232282361,12.691827774047852,38195
CC1604004_20161012_105024,53,0.47586032322474914,12.688517570495605,38194.453125
CC1604004_20161012_105024,53.2,0.6611670085362018,12.688798904418945,38187.88671875
CC1604004_20161012_105024,53.4,0.9170742034912109,12.69505786895752,38207.578125
CC1604004_20161012_105024,53.6,1.206139700753349,12.702221870422363,38209.75
CC1604004_20161012_105024,53.8,1.523771558489118,12.711771011352539,38205.875
CC1604004_20161012_105024,54,1.815456799098424,12.716817855834961,38207.90625
CC1604004_20161012_105024,54.2,2.0766015733991345,12.717142105102539,38213.9609375
CC1604004_20161012_105024,54.4,2.3242804663521905,12.718868255615234,38210.703125
CC1604004_20161012_105024,54.6,2.589688164847237,12.720586776733398,38213.60546875
CC1604004_20161012_105024,54.8,2.843926429748535,12.721832275390625,38219.125
CC1604004_20161012_105024,55,3.112941878182548,12.722187042236328,38221.28125
CC1604004_20161012_105024,55.2,3.3803093773978095,12.724630355834961,38222.640625
CC1604004_20161012_105024,55.4,3.642751148768834,12.727487564086914,38231.1953125
CC1604004_20161012_105024,55.6,3.9147105898175916,12.729284286499023,38221.7421875
CC1604004_20161012_105024,55.8,4.175177301679339,12.729207038879395,38232.921875
CC1604004_20161012_105024,56,4.428747994559151,12.728843688964844,38237.953125
CC1604004_20161012_105024,56.2,4.682643890380859,12.72866153717041,38234.07421875
CC1604004_20161012_105024,56.4,4.939822333199638,12.730473518371582,38237.81640625
CC1604004_20161012_105024,56.6,5.196996007646833,12.728741645812988,38250.2578125
CC1604004_20161012_105024,56.8,5.451544216700963,12.727642059326172,38252.4375
CC1604004_20161012_105024,57,5.7116723741803845,12.72665786743164,38249.80859375
CC1604004_20161012_105024,57.2,5.971799577985491,12.726341247558594,38254.5
CC1604004_20161012_105024,57.4,6.2283142634800495,12.724781036376953,38272.890625
CC1604004_20161012_105024,57.6,6.4825286865234375,12.722797393798828,38271.6328125
CC1604004_20161012_105024,57.8,6.7272216251918255,12.721015930175781,38272.31640625
CC1604004_20161012_105024,58,6.9847147805350165,12.722002983093262,38271.8515625
CC1604004_20161012_105024,58.2,7.24352400643485,12.722219467163086,38278.51171875
CC1604004_20161012_105024,58.4,7.497736522129603,12.724554061889648,38278.78125
CC1604004_20161012_105024,58.6,7.747678484235491,12.726966857910156,38286.17578125
CC1604004_20161012_105024,58.8,8.007140023367745,12.726934432983398,38274.5234375
CC1604004_20161012_105024,59,8.25872802734375,12.728062629699707,38288.55078125
CC1604004_20161012_105024,59.2,8.517859595162529,12.727849006652832,38285.8203125
CC1604004_20161012_105024,59.4,8.769119535173688,12.728580474853516,38291.1015625
CC1604004_20161012_105024,59.6,9.024968555995397,12.730110168457031,38312.79296875
CC1604004_20161012_105024,59.8,9.268345424107142,12.73292064666748,38299.48046875
CC1604004_20161012_105024,60,9.522884096418109,12.731846809387207,38310.2578125
CC1604004_20161012_105024,60.2,9.771841866629464,12.732172012329102,38308.61328125
CC1604004_20161012_105024,60.4,10.025398254394531,12.731783866882324,38317.984375
CC1604004_20161012_105024,60.6,10.270747320992607,12.72852611541748,38320.9921875
CC1604004_20161012_105024,60.8,10.514456067766462,12.72298526763916,38312.828125
CC1604004_20161012_105024,61,10.761117390223912,12.714155197143555,38308.38671875
CC1604004_20161012_105024,61.2,11.009420939854213,12.70455551147461,38303.3984375
CC1604004_20161012_105024,61.4,11.263637270246234,12.69155502319336,38301.42578125
CC1604004_20161012_105024,61.6,11.500454766409737,12.680203437805176,38287.890625
CC1604004_20161012_105024,61.8,11.735958099365234,12.672176361083984,38294.28515625
CC1604004_20161012_105024,62,11.98033060346331,12.666796684265137,38300.5546875
CC1604004_20161012_105024,62.2,12.217806134905134,12.663344383239746,38295.48828125
CC1604004_20161012_105024,62.4,12.427050999232701,12.663284301757813,38300.24609375
CC1604004_20161012_105024,62.6,12.491829463413783,12.664307594299316,38286.53125
CC1604004_20161012_105024,62.8,12.494224275861468,12.664795875549316,38294.00390625
CC1604004_20161012_105024,63,12.49301038469587,12.665424346923828,38302.45703125
CC1604004_20161012_105024,63.2,12.49081039428711,12.663223266601562,38300.6953125
CC1604004_20161012_105024,63.4,12.493207114083427,12.66080379486084,38289.0546875
CC1604004_20161012_105024,63.6,12.485752378191266,12.656614303588867,38297.6328125
CC1604004_20161012_105024,63.8,12.468450001307897,12.655472755432129,38280.39453125
CC1604004_20161012_105024,64,12.394674846104213,12.652931213378906,38285.87109375
CC1604004_20161012_105024,64.2,12.260160173688616,12.656991958618164,38304.1953125
CC1604004_20161012_105024,64.4,12.110215050833565,12.660501480102539,38303.140625
CC1604004_20161012_105024,64.6,11.881141662597656,12.662790298461914,38299.44140625
CC1604004_20161012_105024,64.8,11.698363440377372,12.664501190185547,38307.52734375
CC1604004_20161012_105024,65,11.539884839739118,12.66279411315918,38298.9765625
CC1604004_20161012_105024,65.2,11.361703327723912,12.659150123596191,38304.1328125
CC1604004_20161012_105024,65.4,11.200928279331752,12.658924102783203,38303.4140625
CC1604004_20161012_105024,65.6,11.023076738630023,12.657979965209961,38290.7734375
CC1604004_20161012_105024,65.8,10.852122170584542,12.657142639160156,38301.46875
CC1604004_20161012_105024,66,10.670991897583008,12.6622314453125,38311.05859375
CC1604004_20161012_105024,66.2,10.49215807233538,12.670402526855469,38321.5703125
CC1604004_20161012_105024,66.4,10.313652311052595,12.684080123901367,38317.4140625
CC1604004_20161012_105024,66.6,10.136460712977819,12.692621231079102,38312.4296875
CC1604004_20161012_105024,66.8,9.953688212803431,12.701066970825195,38319.79296875
CC1604004_20161012_105024,67,9.758115495954241,12.705535888671875,38322.96875
CC1604004_20161012_105024,67.2,9.569105965750557,12.712203979492188,38312.640625
CC1604004_20161012_105024,67.4,9.364665985107422,12.721982955932617,38319.6015625
CC1604004_20161012_105024,67.6,9.159571783883232,12.726056098937988,38313.16015625
CC1604004_20161012_105024,67.8,8.94758061000279,12.727265357971191,38308.9765625
CC1604004_20161012_105024,68,8.740189961024694,12.729278564453125,38314.67578125
CC1604004_20161012_105024,68.2,8.52885491507394,12.730010032653809,38288.62890625
CC1604004_20161012_105024,68.4,8.312597002301898,12.728787422180176,38287.54296875
CC1604004_20161012_105024,68.6,8.118990761893135,12.728970527648926,38280.72265625
CC1604004_20161012_105024,68.8,7.914880752563477,12.726649284362793,38295.3125
CC1604004_20161012_105024,69,7.715365546090263,12.725704193115234,38280.359375
CC1604004_20161012_105024,69.2,7.50928715297154,12.725040435791016,38291.3671875
CC1604004_20161012_105024,69.4,7.312398365565709,12.725156784057617,38285.03515625
CC1604004_20161012_105024,69.6,7.119776317051478,12.724056243896484,38286.9375
CC1604004_20161012_105024,69.8,6.919933046613421,12.724519729614258,38282.24609375
CC1604004_20161012_105024,70,6.7220581599644245,12.72348403930664,38282.8046875
CC1604004_20161012_105024,70.2,6.529762268066406,12.722064018249512,38268.41015625
CC1604004_20161012_105024,70.4,6.317443030221122,12.722105026245117,38268.48046875
CC1604004_20161012_105024,70.6,6.114969526018415,12.721955299377441,38268.5390625
CC1604004_20161012_105024,70.8,5.898049763270787,12.721294403076172,38268.71875
CC1604004_20161012_105024,71,5.693935939243861,12.721601486206055,38256.70703125
CC1604004_20161012_105024,71.2,5.475700105939593,12.721624374389648,38263.8359375
CC1604004_20161012_105024,71.4,5.283401353018624,12.721353530883789,38246.25
CC1604004_20161012_105024,71.6,5.1002960205078125,12.721534729003906,38244.76953125
CC1604004_20161012_105024,71.8,4.923427718026298,12.721901893615723,38238.3515625
CC1604004_20161012_105024,72,4.768886838640485,12.722722053527832,38245.609375
CC1604004_20161012_105024,72.2,4.6041635785784045,12.722536087036133,38233.0234375
CC1604004_20161012_105024,72.4,4.441409655979701,12.7225341796875,38240.5390625
CC1604004_20161012_105024,72.6,4.283909525190081,12.721868515014648,38250.76171875
CC1604004_20161012_105024,72.8,4.133304459708077,12.721487045288086,38225.390625
CC1604004_20161012_105024,73,3.984011650085449,12.723064422607422,38230.6640625
CC1604004_20161012_105024,73.2,3.7963019779750287,12.722444534301758,38219.65234375
CC1604004_20161012_105024,73.4,3.6568577630179266,12.722951889038086,38243.4453125
CC1604004_20161012_105024,73.6,3.4878610883440295,12.722768783569336,38219.140625
CC1604004_20161012_105024,73.8,3.2955527986798963,12.724555015563965,38244.796875
CC1604004_20161012_105024,74,3.0848538534981866,12.724103927612305,38230.40625
CC1604004_20161012_105024,74.2,2.87251363481794,12.72559928894043,38232.421875
CC1604004_20161012_105024,74.4,2.6555747985839844,12.725791931152344,38230.46875
CC1604004_20161012_105024,74.6,2.4373179844447552,12.725741386413574,38236.6875
CC1604004_20161012_105024,74.8,2.2249729973929266,12.725661277770996,38228.41015625
CC1604004_20161012_105024,75,2.027070454188756,12.723417282104492,38217.47265625
CC1604004_20161012_105024,75.2,1.840004512241908,12.723034858703613,38227.984375
CC1604004_20161012_105024,75.4,1.6581895010811945,12.722460746765137,38214.80859375
CC1604004_20161012_105024,75.6,1.463894707815987,12.721163749694824,38227.70703125
CC1604004_20161012_105024,75.8,1.271240234375,12.71962833404541,38218.48828125
CC1604004_20161012_105024,76,1.0733300617762982,12.719779968261719,38208.7265625
CC1604004_20161012_105024,76.2,0.8721335274832587,12.718851089477539,38201.69140625
CC1604004_20161012_105024,76.4,0.6660093579973498,12.717191696166992,38200
CC1604004_20161012_105024,76.6,0.44674832480294313,12.711282730102539,38208.15234375
CC1604004_20161012_105024,76.8,0.22682639530726867,12.709831237792969,38204.25
CC1604004_20161012_105024,77,0.033832413809639306,12.709939956665039,34211.40625
CC1604004_20161012_105024,77.2,-0.023538589477539063,12.660628318786621,7652.99609375
CC1604004_20161012_105024,77.4,-0.028364998953682274,12.580724716186523,3304.66455078125
CC1604004_20161012_105024,77.6,-0.028267587934221794,12.535097122192383,2585.5712890625
CC1604004_20161012_105024,77.8,-0.026197978428431412,12.510563850402832,2176.1357421875
CC1604004_20161012_105024,78,-0.022489002772740463,12.49540901184082,1915.774658203125
CC1604004_20161012_105024,78.2,-0.030270848955426644,12.483674049377441,1768.3787841796875
CC1604004_20161012_105024,78.4,-0.023604529244559913,12.470294952392578,1468.269775390625
CC1604004_20161012_105024,78.6,-0.025804519653320313,12.45686149597168,1401.3028564453125
CC1604004_20161012_105024,78.8,-0.028334481375557274,12.447558403015137,1438.6368408203125
CC1604004_20161012_105024,79,-0.028236116681780388,12.435094833374023,1396.1005859375
CC1604004_20161012_105024,79.2,-0.026495524815150162,12.42147445678711,1271.126220703125
CC1604004_20161012_105024,79.4,-0.029024532863072494,12.412630081176758,1241.2547607421875
CC1604004_20161012_105024,79.6,-0.025970731462750862,12.400313377380371,1175.08447265625
CC1604004_20161012_105024,79.8,-0.027514593941825538,12.392108917236328,1149.4434814453125
CC1604004_20161012_105024,80,-0.02905750274658203,12.383437156677246,1103.439453125
CC1604004_20161012_105024,80.2,-0.02370439256940493,12.370738983154297,1002.3544311523437
CC1604004_20161012_105024,80.4,-0.026561464582171013,12.351293563842773,968.3231201171875
CC1604004_20161012_105024,80.6,-0.02580697195870485,12.335416793823242,984.7864990234375
CC1604004_20161012_105024,80.8,-0.022096088954381088,12.316514015197754,916.141845703125
CC1604004_20161012_105024,81,-0.024953160967145394,12.297501564025879,878.99945068359375
CC1604004_20161012_105024,81.2,-0.026168005807059913,12.283307075500488,884.3389892578125
CC1604004_20161012_105024,81.4,-0.026727676391601563,12.258777618408203,903.6246337890625
CC1604004_20161012_105024,81.6,-0.0266293116978229,12.212584495544434,859.15093994140625
CC1604004_20161012_105024,81.8,-0.026202883039202263,12.157635688781738,790.21417236328125
CC1604004_20161012_105024,82,-0.026430674961634537,12.104567527770996,745.3079833984375
CC1604004_20161012_105024,82.2,-0.026662281581334213,12.063695907592773,721.30743408203125
CC1604004_20161012_105024,82.4,-0.023607526506696175,12.039923667907715,680.560546875
CC1604004_20161012_105024,82.6,-0.025808470589774757,12.027719497680664,665.11590576171875
CC1604004_20161012_105024,82.8,-0.0263671875,12.024450302124023,685.0482177734375
CC1604004_20161012_105024,83,-0.022984368460518212,12.019704818725586,765.181396484375
CC1604004_20161012_105024,83.2,-0.02321502140590148,12.001850128173828,752.33154296875
CC1604004_20161012_105024,83.4,-0.0204892839704236,11.989282608032227,659.11199951171875
CC1604004_20161012_105024,83.6,-0.016123226710728744,11.984491348266602,598.03240966796875
CC1604004_20161012_105024,83.8,-0.019310270036969612,11.973882675170898,568.37030029296875
CC1604004_20161012_105024,84,-0.0178958347865521,11.963113784790039,549.81378173828125
CC1604004_20161012_105024,84.2,-0.01812744140625,11.949951171875,540.22509765625
CC1604004_20161012_105024,84.4,-0.019341332571846337,11.946477890014648,530.56195068359375
CC1604004_20161012_105024,84.6,-0.013003076825823356,11.945058822631836,519.08624267578125
CC1604004_20161012_105024,84.8,-0.005679675510950943,11.944769859313965,515.65655517578125
CC1604004_20161012_105024,85,-0.012807301112584213,11.943944931030273,512.391845703125
CC1604004_20161012_105024,85.2,-0.013364110674176644,11.943523406982422,510.6556091308594
CC1604004_20161012_105024,85.4,-0.016551154000419288,11.941558837890625,510.3641662597656
CC1604004_20161012_105024,85.6,-0.013823509216308594,11.937776565551758,510.38104248046875
CC1604004_20161012_105024,85.8,-0.017337662833076806,11.929094314575195,515.2828369140625
CC1604004_20161012_105024,86,-0.008702005658831169,11.908169746398926,573.525146484375
CC1604004_20161012_105024,86.2,-0.007617541721888443,11.888106346130371,592.58709716796875
CC1604004_20161012_105024,86.4,-0.0039057050432482754,11.872753143310547,540.869384765625
CC1604004_20161012_105024,86.6,-0.0024960381644110186,11.858087539672852,568.21954345703125
CC1604004_20161012_105024,86.8,-0.003381865365165382,11.841573715209961,629.178955078125
CC1604004_20161012_105024,87,0,11.826940536499023,642.53240966796875
